Title,page_no,recitation_no,recitation,image_pages
page 1,1,1,public://quran_audio/alafasy-Page001.mp3,public://quran_images/page-001.png
page 2,2,1,public://quran_audio/alafasy-Page002.mp3,public://quran_images/page-002.png
page 3,3,1,public://quran_audio/alafasy-Page003.mp3,public://quran_images/page-003.png
page 4,4,1,public://quran_audio/alafasy-Page004.mp3,public://quran_images/page-004.png
page 5,5,1,public://quran_audio/alafasy-Page005.mp3,public://quran_images/page-005.png
page 6,6,1,public://quran_audio/alafasy-Page006.mp3,public://quran_images/page-006.png
page 7,7,1,public://quran_audio/alafasy-Page007.mp3,public://quran_images/page-007.png
page 8,8,1,public://quran_audio/alafasy-Page008.mp3,public://quran_images/page-008.png
page 9,9,1,public://quran_audio/alafasy-Page009.mp3,public://quran_images/page-009.png
page 10,10,1,public://quran_audio/alafasy-Page010.mp3,public://quran_images/page-010.png
page 11,11,1,public://quran_audio/alafasy-Page011.mp3,public://quran_images/page-011.png
page 12,12,1,public://quran_audio/alafasy-Page012.mp3,public://quran_images/page-012.png
page 13,13,1,public://quran_audio/alafasy-Page013.mp3,public://quran_images/page-013.png
page 14,14,1,public://quran_audio/alafasy-Page014.mp3,public://quran_images/page-014.png
page 15,15,1,public://quran_audio/alafasy-Page015.mp3,public://quran_images/page-015.png
page 16,16,1,public://quran_audio/alafasy-Page016.mp3,public://quran_images/page-016.png
page 17,17,1,public://quran_audio/alafasy-Page017.mp3,public://quran_images/page-017.png
page 18,18,1,public://quran_audio/alafasy-Page018.mp3,public://quran_images/page-018.png
page 19,19,1,public://quran_audio/alafasy-Page019.mp3,public://quran_images/page-019.png
page 20,20,1,public://quran_audio/alafasy-Page020.mp3,public://quran_images/page-020.png
page 21,21,1,public://quran_audio/alafasy-Page021.mp3,public://quran_images/page-021.png
page 22,22,1,public://quran_audio/alafasy-Page022.mp3,public://quran_images/page-022.png
page 23,23,1,public://quran_audio/alafasy-Page023.mp3,public://quran_images/page-023.png
page 24,24,1,public://quran_audio/alafasy-Page024.mp3,public://quran_images/page-024.png
page 25,25,1,public://quran_audio/alafasy-Page025.mp3,public://quran_images/page-025.png
page 26,26,1,public://quran_audio/alafasy-Page026.mp3,public://quran_images/page-026.png
page 27,27,1,public://quran_audio/alafasy-Page027.mp3,public://quran_images/page-027.png
page 28,28,1,public://quran_audio/alafasy-Page028.mp3,public://quran_images/page-028.png
page 29,29,1,public://quran_audio/alafasy-Page029.mp3,public://quran_images/page-029.png
page 30,30,1,public://quran_audio/alafasy-Page030.mp3,public://quran_images/page-030.png
page 31,31,1,public://quran_audio/alafasy-Page031.mp3,public://quran_images/page-031.png
page 32,32,1,public://quran_audio/alafasy-Page032.mp3,public://quran_images/page-032.png
page 33,33,1,public://quran_audio/alafasy-Page033.mp3,public://quran_images/page-033.png
page 34,34,1,public://quran_audio/alafasy-Page034.mp3,public://quran_images/page-034.png
page 35,35,1,public://quran_audio/alafasy-Page035.mp3,public://quran_images/page-035.png
page 36,36,1,public://quran_audio/alafasy-Page036.mp3,public://quran_images/page-036.png
page 37,37,1,public://quran_audio/alafasy-Page037.mp3,public://quran_images/page-037.png
page 38,38,1,public://quran_audio/alafasy-Page038.mp3,public://quran_images/page-038.png
page 39,39,1,public://quran_audio/alafasy-Page039.mp3,public://quran_images/page-039.png
page 40,40,1,public://quran_audio/alafasy-Page040.mp3,public://quran_images/page-040.png
page 41,41,1,public://quran_audio/alafasy-Page041.mp3,public://quran_images/page-041.png
page 42,42,1,public://quran_audio/alafasy-Page042.mp3,public://quran_images/page-042.png
page 43,43,1,public://quran_audio/alafasy-Page043.mp3,public://quran_images/page-043.png
page 44,44,1,public://quran_audio/alafasy-Page044.mp3,public://quran_images/page-044.png
page 45,45,1,public://quran_audio/alafasy-Page045.mp3,public://quran_images/page-045.png
page 46,46,1,public://quran_audio/alafasy-Page046.mp3,public://quran_images/page-046.png
page 47,47,1,public://quran_audio/alafasy-Page047.mp3,public://quran_images/page-047.png
page 48,48,1,public://quran_audio/alafasy-Page048.mp3,public://quran_images/page-048.png
page 49,49,1,public://quran_audio/alafasy-Page049.mp3,public://quran_images/page-049.png
page 50,50,1,public://quran_audio/alafasy-Page050.mp3,public://quran_images/page-050.png
page 51,51,1,public://quran_audio/alafasy-Page051.mp3,public://quran_images/page-051.png
page 52,52,1,public://quran_audio/alafasy-Page052.mp3,public://quran_images/page-052.png
page 53,53,1,public://quran_audio/alafasy-Page053.mp3,public://quran_images/page-053.png
page 54,54,1,public://quran_audio/alafasy-Page054.mp3,public://quran_images/page-054.png
page 55,55,1,public://quran_audio/alafasy-Page055.mp3,public://quran_images/page-055.png
page 56,56,1,public://quran_audio/alafasy-Page056.mp3,public://quran_images/page-056.png
page 57,57,1,public://quran_audio/alafasy-Page057.mp3,public://quran_images/page-057.png
page 58,58,1,public://quran_audio/alafasy-Page058.mp3,public://quran_images/page-058.png
page 59,59,1,public://quran_audio/alafasy-Page059.mp3,public://quran_images/page-059.png
page 60,60,1,public://quran_audio/alafasy-Page060.mp3,public://quran_images/page-060.png
page 61,61,1,public://quran_audio/alafasy-Page061.mp3,public://quran_images/page-061.png
page 62,62,1,public://quran_audio/alafasy-Page062.mp3,public://quran_images/page-062.png
page 63,63,1,public://quran_audio/alafasy-Page063.mp3,public://quran_images/page-063.png
page 64,64,1,public://quran_audio/alafasy-Page064.mp3,public://quran_images/page-064.png
page 65,65,1,public://quran_audio/alafasy-Page065.mp3,public://quran_images/page-065.png
page 66,66,1,public://quran_audio/alafasy-Page066.mp3,public://quran_images/page-066.png
page 67,67,1,public://quran_audio/alafasy-Page067.mp3,public://quran_images/page-067.png
page 68,68,1,public://quran_audio/alafasy-Page068.mp3,public://quran_images/page-068.png
page 69,69,1,public://quran_audio/alafasy-Page069.mp3,public://quran_images/page-069.png
page 70,70,1,public://quran_audio/alafasy-Page070.mp3,public://quran_images/page-070.png
page 71,71,1,public://quran_audio/alafasy-Page071.mp3,public://quran_images/page-071.png
page 72,72,1,public://quran_audio/alafasy-Page072.mp3,public://quran_images/page-072.png
page 73,73,1,public://quran_audio/alafasy-Page073.mp3,public://quran_images/page-073.png
page 74,74,1,public://quran_audio/alafasy-Page074.mp3,public://quran_images/page-074.png
page 75,75,1,public://quran_audio/alafasy-Page075.mp3,public://quran_images/page-075.png
page 76,76,1,public://quran_audio/alafasy-Page076.mp3,public://quran_images/page-076.png
page 77,77,1,public://quran_audio/alafasy-Page077.mp3,public://quran_images/page-077.png
page 78,78,1,public://quran_audio/alafasy-Page078.mp3,public://quran_images/page-078.png
page 79,79,1,public://quran_audio/alafasy-Page079.mp3,public://quran_images/page-079.png
page 80,80,1,public://quran_audio/alafasy-Page080.mp3,public://quran_images/page-080.png
page 81,81,1,public://quran_audio/alafasy-Page081.mp3,public://quran_images/page-081.png
page 82,82,1,public://quran_audio/alafasy-Page082.mp3,public://quran_images/page-082.png
page 83,83,1,public://quran_audio/alafasy-Page083.mp3,public://quran_images/page-083.png
page 84,84,1,public://quran_audio/alafasy-Page084.mp3,public://quran_images/page-084.png
page 85,85,1,public://quran_audio/alafasy-Page085.mp3,public://quran_images/page-085.png
page 86,86,1,public://quran_audio/alafasy-Page086.mp3,public://quran_images/page-086.png
page 87,87,1,public://quran_audio/alafasy-Page087.mp3,public://quran_images/page-087.png
page 88,88,1,public://quran_audio/alafasy-Page088.mp3,public://quran_images/page-088.png
page 89,89,1,public://quran_audio/alafasy-Page089.mp3,public://quran_images/page-089.png
page 90,90,1,public://quran_audio/alafasy-Page090.mp3,public://quran_images/page-090.png
page 91,91,1,public://quran_audio/alafasy-Page091.mp3,public://quran_images/page-091.png
page 92,92,1,public://quran_audio/alafasy-Page092.mp3,public://quran_images/page-092.png
page 93,93,1,public://quran_audio/alafasy-Page093.mp3,public://quran_images/page-093.png
page 94,94,1,public://quran_audio/alafasy-Page094.mp3,public://quran_images/page-094.png
page 95,95,1,public://quran_audio/alafasy-Page095.mp3,public://quran_images/page-095.png
page 96,96,1,public://quran_audio/alafasy-Page096.mp3,public://quran_images/page-096.png
page 97,97,1,public://quran_audio/alafasy-Page097.mp3,public://quran_images/page-097.png
page 98,98,1,public://quran_audio/alafasy-Page098.mp3,public://quran_images/page-098.png
page 99,99,1,public://quran_audio/alafasy-Page099.mp3,public://quran_images/page-099.png
page 100,100,1,public://quran_audio/alafasy-Page100.mp3,public://quran_images/page-100.png
page 101,101,1,public://quran_audio/alafasy-Page101.mp3,public://quran_images/page-101.png
page 102,102,1,public://quran_audio/alafasy-Page102.mp3,public://quran_images/page-102.png
page 103,103,1,public://quran_audio/alafasy-Page103.mp3,public://quran_images/page-103.png
page 104,104,1,public://quran_audio/alafasy-Page104.mp3,public://quran_images/page-104.png
page 105,105,1,public://quran_audio/alafasy-Page105.mp3,public://quran_images/page-105.png
page 106,106,1,public://quran_audio/alafasy-Page106.mp3,public://quran_images/page-106.png
page 107,107,1,public://quran_audio/alafasy-Page107.mp3,public://quran_images/page-107.png
page 108,108,1,public://quran_audio/alafasy-Page108.mp3,public://quran_images/page-108.png
page 109,109,1,public://quran_audio/alafasy-Page109.mp3,public://quran_images/page-109.png
page 110,110,1,public://quran_audio/alafasy-Page110.mp3,public://quran_images/page-110.png
page 111,111,1,public://quran_audio/alafasy-Page111.mp3,public://quran_images/page-111.png
page 112,112,1,public://quran_audio/alafasy-Page112.mp3,public://quran_images/page-112.png
page 113,113,1,public://quran_audio/alafasy-Page113.mp3,public://quran_images/page-113.png
page 114,114,1,public://quran_audio/alafasy-Page114.mp3,public://quran_images/page-114.png
page 115,115,1,public://quran_audio/alafasy-Page115.mp3,public://quran_images/page-115.png
page 116,116,1,public://quran_audio/alafasy-Page116.mp3,public://quran_images/page-116.png
page 117,117,1,public://quran_audio/alafasy-Page117.mp3,public://quran_images/page-117.png
page 118,118,1,public://quran_audio/alafasy-Page118.mp3,public://quran_images/page-118.png
page 119,119,1,public://quran_audio/alafasy-Page119.mp3,public://quran_images/page-119.png
page 120,120,1,public://quran_audio/alafasy-Page120.mp3,public://quran_images/page-120.png
page 121,121,1,public://quran_audio/alafasy-Page121.mp3,public://quran_images/page-121.png
page 122,122,1,public://quran_audio/alafasy-Page122.mp3,public://quran_images/page-122.png
page 123,123,1,public://quran_audio/alafasy-Page123.mp3,public://quran_images/page-123.png
page 124,124,1,public://quran_audio/alafasy-Page124.mp3,public://quran_images/page-124.png
page 125,125,1,public://quran_audio/alafasy-Page125.mp3,public://quran_images/page-125.png
page 126,126,1,public://quran_audio/alafasy-Page126.mp3,public://quran_images/page-126.png
page 127,127,1,public://quran_audio/alafasy-Page127.mp3,public://quran_images/page-127.png
page 128,128,1,public://quran_audio/alafasy-Page128.mp3,public://quran_images/page-128.png
page 129,129,1,public://quran_audio/alafasy-Page129.mp3,public://quran_images/page-129.png
page 130,130,1,public://quran_audio/alafasy-Page130.mp3,public://quran_images/page-130.png
page 131,131,1,public://quran_audio/alafasy-Page131.mp3,public://quran_images/page-131.png
page 132,132,1,public://quran_audio/alafasy-Page132.mp3,public://quran_images/page-132.png
page 133,133,1,public://quran_audio/alafasy-Page133.mp3,public://quran_images/page-133.png
page 134,134,1,public://quran_audio/alafasy-Page134.mp3,public://quran_images/page-134.png
page 135,135,1,public://quran_audio/alafasy-Page135.mp3,public://quran_images/page-135.png
page 136,136,1,public://quran_audio/alafasy-Page136.mp3,public://quran_images/page-136.png
page 137,137,1,public://quran_audio/alafasy-Page137.mp3,public://quran_images/page-137.png
page 138,138,1,public://quran_audio/alafasy-Page138.mp3,public://quran_images/page-138.png
page 139,139,1,public://quran_audio/alafasy-Page139.mp3,public://quran_images/page-139.png
page 140,140,1,public://quran_audio/alafasy-Page140.mp3,public://quran_images/page-140.png
page 141,141,1,public://quran_audio/alafasy-Page141.mp3,public://quran_images/page-141.png
page 142,142,1,public://quran_audio/alafasy-Page142.mp3,public://quran_images/page-142.png
page 143,143,1,public://quran_audio/alafasy-Page143.mp3,public://quran_images/page-143.png
page 144,144,1,public://quran_audio/alafasy-Page144.mp3,public://quran_images/page-144.png
page 145,145,1,public://quran_audio/alafasy-Page145.mp3,public://quran_images/page-145.png
page 146,146,1,public://quran_audio/alafasy-Page146.mp3,public://quran_images/page-146.png
page 147,147,1,public://quran_audio/alafasy-Page147.mp3,public://quran_images/page-147.png
page 148,148,1,public://quran_audio/alafasy-Page148.mp3,public://quran_images/page-148.png
page 149,149,1,public://quran_audio/alafasy-Page149.mp3,public://quran_images/page-149.png
page 150,150,1,public://quran_audio/alafasy-Page150.mp3,public://quran_images/page-150.png
page 151,151,1,public://quran_audio/alafasy-Page151.mp3,public://quran_images/page-151.png
page 152,152,1,public://quran_audio/alafasy-Page152.mp3,public://quran_images/page-152.png
page 153,153,1,public://quran_audio/alafasy-Page153.mp3,public://quran_images/page-153.png
page 154,154,1,public://quran_audio/alafasy-Page154.mp3,public://quran_images/page-154.png
page 155,155,1,public://quran_audio/alafasy-Page155.mp3,public://quran_images/page-155.png
page 156,156,1,public://quran_audio/alafasy-Page156.mp3,public://quran_images/page-156.png
page 157,157,1,public://quran_audio/alafasy-Page157.mp3,public://quran_images/page-157.png
page 158,158,1,public://quran_audio/alafasy-Page158.mp3,public://quran_images/page-158.png
page 159,159,1,public://quran_audio/alafasy-Page159.mp3,public://quran_images/page-159.png
page 160,160,1,public://quran_audio/alafasy-Page160.mp3,public://quran_images/page-160.png
page 161,161,1,public://quran_audio/alafasy-Page161.mp3,public://quran_images/page-161.png
page 162,162,1,public://quran_audio/alafasy-Page162.mp3,public://quran_images/page-162.png
page 163,163,1,public://quran_audio/alafasy-Page163.mp3,public://quran_images/page-163.png
page 164,164,1,public://quran_audio/alafasy-Page164.mp3,public://quran_images/page-164.png
page 165,165,1,public://quran_audio/alafasy-Page165.mp3,public://quran_images/page-165.png
page 166,166,1,public://quran_audio/alafasy-Page166.mp3,public://quran_images/page-166.png
page 167,167,1,public://quran_audio/alafasy-Page167.mp3,public://quran_images/page-167.png
page 168,168,1,public://quran_audio/alafasy-Page168.mp3,public://quran_images/page-168.png
page 169,169,1,public://quran_audio/alafasy-Page169.mp3,public://quran_images/page-169.png
page 170,170,1,public://quran_audio/alafasy-Page170.mp3,public://quran_images/page-170.png
page 171,171,1,public://quran_audio/alafasy-Page171.mp3,public://quran_images/page-171.png
page 172,172,1,public://quran_audio/alafasy-Page172.mp3,public://quran_images/page-172.png
page 173,173,1,public://quran_audio/alafasy-Page173.mp3,public://quran_images/page-173.png
page 174,174,1,public://quran_audio/alafasy-Page174.mp3,public://quran_images/page-174.png
page 175,175,1,public://quran_audio/alafasy-Page175.mp3,public://quran_images/page-175.png
page 176,176,1,public://quran_audio/alafasy-Page176.mp3,public://quran_images/page-176.png
page 177,177,1,public://quran_audio/alafasy-Page177.mp3,public://quran_images/page-177.png
page 178,178,1,public://quran_audio/alafasy-Page178.mp3,public://quran_images/page-178.png
page 179,179,1,public://quran_audio/alafasy-Page179.mp3,public://quran_images/page-179.png
page 180,180,1,public://quran_audio/alafasy-Page180.mp3,public://quran_images/page-180.png
page 181,181,1,public://quran_audio/alafasy-Page181.mp3,public://quran_images/page-181.png
page 182,182,1,public://quran_audio/alafasy-Page182.mp3,public://quran_images/page-182.png
page 183,183,1,public://quran_audio/alafasy-Page183.mp3,public://quran_images/page-183.png
page 184,184,1,public://quran_audio/alafasy-Page184.mp3,public://quran_images/page-184.png
page 185,185,1,public://quran_audio/alafasy-Page185.mp3,public://quran_images/page-185.png
page 186,186,1,public://quran_audio/alafasy-Page186.mp3,public://quran_images/page-186.png
page 187,187,1,public://quran_audio/alafasy-Page187.mp3,public://quran_images/page-187.png
page 188,188,1,public://quran_audio/alafasy-Page188.mp3,public://quran_images/page-188.png
page 189,189,1,public://quran_audio/alafasy-Page189.mp3,public://quran_images/page-189.png
page 190,190,1,public://quran_audio/alafasy-Page190.mp3,public://quran_images/page-190.png
page 191,191,1,public://quran_audio/alafasy-Page191.mp3,public://quran_images/page-191.png
page 192,192,1,public://quran_audio/alafasy-Page192.mp3,public://quran_images/page-192.png
page 193,193,1,public://quran_audio/alafasy-Page193.mp3,public://quran_images/page-193.png
page 194,194,1,public://quran_audio/alafasy-Page194.mp3,public://quran_images/page-194.png
page 195,195,1,public://quran_audio/alafasy-Page195.mp3,public://quran_images/page-195.png
page 196,196,1,public://quran_audio/alafasy-Page196.mp3,public://quran_images/page-196.png
page 197,197,1,public://quran_audio/alafasy-Page197.mp3,public://quran_images/page-197.png
page 198,198,1,public://quran_audio/alafasy-Page198.mp3,public://quran_images/page-198.png
page 199,199,1,public://quran_audio/alafasy-Page199.mp3,public://quran_images/page-199.png
page 200,200,1,public://quran_audio/alafasy-Page200.mp3,public://quran_images/page-200.png
page 201,201,1,public://quran_audio/alafasy-Page201.mp3,public://quran_images/page-201.png
page 202,202,1,public://quran_audio/alafasy-Page202.mp3,public://quran_images/page-202.png
page 203,203,1,public://quran_audio/alafasy-Page203.mp3,public://quran_images/page-203.png
page 204,204,1,public://quran_audio/alafasy-Page204.mp3,public://quran_images/page-204.png
page 205,205,1,public://quran_audio/alafasy-Page205.mp3,public://quran_images/page-205.png
page 206,206,1,public://quran_audio/alafasy-Page206.mp3,public://quran_images/page-206.png
page 207,207,1,public://quran_audio/alafasy-Page207.mp3,public://quran_images/page-207.png
page 208,208,1,public://quran_audio/alafasy-Page208.mp3,public://quran_images/page-208.png
page 209,209,1,public://quran_audio/alafasy-Page209.mp3,public://quran_images/page-209.png
page 210,210,1,public://quran_audio/alafasy-Page210.mp3,public://quran_images/page-210.png
page 211,211,1,public://quran_audio/alafasy-Page211.mp3,public://quran_images/page-211.png
page 212,212,1,public://quran_audio/alafasy-Page212.mp3,public://quran_images/page-212.png
page 213,213,1,public://quran_audio/alafasy-Page213.mp3,public://quran_images/page-213.png
page 214,214,1,public://quran_audio/alafasy-Page214.mp3,public://quran_images/page-214.png
page 215,215,1,public://quran_audio/alafasy-Page215.mp3,public://quran_images/page-215.png
page 216,216,1,public://quran_audio/alafasy-Page216.mp3,public://quran_images/page-216.png
page 217,217,1,public://quran_audio/alafasy-Page217.mp3,public://quran_images/page-217.png
page 218,218,1,public://quran_audio/alafasy-Page218.mp3,public://quran_images/page-218.png
page 219,219,1,public://quran_audio/alafasy-Page219.mp3,public://quran_images/page-219.png
page 220,220,1,public://quran_audio/alafasy-Page220.mp3,public://quran_images/page-220.png
page 221,221,1,public://quran_audio/alafasy-Page221.mp3,public://quran_images/page-221.png
page 222,222,1,public://quran_audio/alafasy-Page222.mp3,public://quran_images/page-222.png
page 223,223,1,public://quran_audio/alafasy-Page223.mp3,public://quran_images/page-223.png
page 224,224,1,public://quran_audio/alafasy-Page224.mp3,public://quran_images/page-224.png
page 225,225,1,public://quran_audio/alafasy-Page225.mp3,public://quran_images/page-225.png
page 226,226,1,public://quran_audio/alafasy-Page226.mp3,public://quran_images/page-226.png
page 227,227,1,public://quran_audio/alafasy-Page227.mp3,public://quran_images/page-227.png
page 228,228,1,public://quran_audio/alafasy-Page228.mp3,public://quran_images/page-228.png
page 229,229,1,public://quran_audio/alafasy-Page229.mp3,public://quran_images/page-229.png
page 230,230,1,public://quran_audio/alafasy-Page230.mp3,public://quran_images/page-230.png
page 231,231,1,public://quran_audio/alafasy-Page231.mp3,public://quran_images/page-231.png
page 232,232,1,public://quran_audio/alafasy-Page232.mp3,public://quran_images/page-232.png
page 233,233,1,public://quran_audio/alafasy-Page233.mp3,public://quran_images/page-233.png
page 234,234,1,public://quran_audio/alafasy-Page234.mp3,public://quran_images/page-234.png
page 235,235,1,public://quran_audio/alafasy-Page235.mp3,public://quran_images/page-235.png
page 236,236,1,public://quran_audio/alafasy-Page236.mp3,public://quran_images/page-236.png
page 237,237,1,public://quran_audio/alafasy-Page237.mp3,public://quran_images/page-237.png
page 238,238,1,public://quran_audio/alafasy-Page238.mp3,public://quran_images/page-238.png
page 239,239,1,public://quran_audio/alafasy-Page239.mp3,public://quran_images/page-239.png
page 240,240,1,public://quran_audio/alafasy-Page240.mp3,public://quran_images/page-240.png
page 241,241,1,public://quran_audio/alafasy-Page241.mp3,public://quran_images/page-241.png
page 242,242,1,public://quran_audio/alafasy-Page242.mp3,public://quran_images/page-242.png
page 243,243,1,public://quran_audio/alafasy-Page243.mp3,public://quran_images/page-243.png
page 244,244,1,public://quran_audio/alafasy-Page244.mp3,public://quran_images/page-244.png
page 245,245,1,public://quran_audio/alafasy-Page245.mp3,public://quran_images/page-245.png
page 246,246,1,public://quran_audio/alafasy-Page246.mp3,public://quran_images/page-246.png
page 247,247,1,public://quran_audio/alafasy-Page247.mp3,public://quran_images/page-247.png
page 248,248,1,public://quran_audio/alafasy-Page248.mp3,public://quran_images/page-248.png
page 249,249,1,public://quran_audio/alafasy-Page249.mp3,public://quran_images/page-249.png
page 250,250,1,public://quran_audio/alafasy-Page250.mp3,public://quran_images/page-250.png
page 251,251,1,public://quran_audio/alafasy-Page251.mp3,public://quran_images/page-251.png
page 252,252,1,public://quran_audio/alafasy-Page252.mp3,public://quran_images/page-252.png
page 253,253,1,public://quran_audio/alafasy-Page253.mp3,public://quran_images/page-253.png
page 254,254,1,public://quran_audio/alafasy-Page254.mp3,public://quran_images/page-254.png
page 255,255,1,public://quran_audio/alafasy-Page255.mp3,public://quran_images/page-255.png
page 256,256,1,public://quran_audio/alafasy-Page256.mp3,public://quran_images/page-256.png
page 257,257,1,public://quran_audio/alafasy-Page257.mp3,public://quran_images/page-257.png
page 258,258,1,public://quran_audio/alafasy-Page258.mp3,public://quran_images/page-258.png
page 259,259,1,public://quran_audio/alafasy-Page259.mp3,public://quran_images/page-259.png
page 260,260,1,public://quran_audio/alafasy-Page260.mp3,public://quran_images/page-260.png
page 261,261,1,public://quran_audio/alafasy-Page261.mp3,public://quran_images/page-261.png
page 262,262,1,public://quran_audio/alafasy-Page262.mp3,public://quran_images/page-262.png
page 263,263,1,public://quran_audio/alafasy-Page263.mp3,public://quran_images/page-263.png
page 264,264,1,public://quran_audio/alafasy-Page264.mp3,public://quran_images/page-264.png
page 265,265,1,public://quran_audio/alafasy-Page265.mp3,public://quran_images/page-265.png
page 266,266,1,public://quran_audio/alafasy-Page266.mp3,public://quran_images/page-266.png
page 267,267,1,public://quran_audio/alafasy-Page267.mp3,public://quran_images/page-267.png
page 268,268,1,public://quran_audio/alafasy-Page268.mp3,public://quran_images/page-268.png
page 269,269,1,public://quran_audio/alafasy-Page269.mp3,public://quran_images/page-269.png
page 270,270,1,public://quran_audio/alafasy-Page270.mp3,public://quran_images/page-270.png
page 271,271,1,public://quran_audio/alafasy-Page271.mp3,public://quran_images/page-271.png
page 272,272,1,public://quran_audio/alafasy-Page272.mp3,public://quran_images/page-272.png
page 273,273,1,public://quran_audio/alafasy-Page273.mp3,public://quran_images/page-273.png
page 274,274,1,public://quran_audio/alafasy-Page274.mp3,public://quran_images/page-274.png
page 275,275,1,public://quran_audio/alafasy-Page275.mp3,public://quran_images/page-275.png
page 276,276,1,public://quran_audio/alafasy-Page276.mp3,public://quran_images/page-276.png
page 277,277,1,public://quran_audio/alafasy-Page277.mp3,public://quran_images/page-277.png
page 278,278,1,public://quran_audio/alafasy-Page278.mp3,public://quran_images/page-278.png
page 279,279,1,public://quran_audio/alafasy-Page279.mp3,public://quran_images/page-279.png
page 280,280,1,public://quran_audio/alafasy-Page280.mp3,public://quran_images/page-280.png
page 281,281,1,public://quran_audio/alafasy-Page281.mp3,public://quran_images/page-281.png
page 282,282,1,public://quran_audio/alafasy-Page282.mp3,public://quran_images/page-282.png
page 283,283,1,public://quran_audio/alafasy-Page283.mp3,public://quran_images/page-283.png
page 284,284,1,public://quran_audio/alafasy-Page284.mp3,public://quran_images/page-284.png
page 285,285,1,public://quran_audio/alafasy-Page285.mp3,public://quran_images/page-285.png
page 286,286,1,public://quran_audio/alafasy-Page286.mp3,public://quran_images/page-286.png
page 287,287,1,public://quran_audio/alafasy-Page287.mp3,public://quran_images/page-287.png
page 288,288,1,public://quran_audio/alafasy-Page288.mp3,public://quran_images/page-288.png
page 289,289,1,public://quran_audio/alafasy-Page289.mp3,public://quran_images/page-289.png
page 290,290,1,public://quran_audio/alafasy-Page290.mp3,public://quran_images/page-290.png
page 291,291,1,public://quran_audio/alafasy-Page291.mp3,public://quran_images/page-291.png
page 292,292,1,public://quran_audio/alafasy-Page292.mp3,public://quran_images/page-292.png
page 293,293,1,public://quran_audio/alafasy-Page293.mp3,public://quran_images/page-293.png
page 294,294,1,public://quran_audio/alafasy-Page294.mp3,public://quran_images/page-294.png
page 295,295,1,public://quran_audio/alafasy-Page295.mp3,public://quran_images/page-295.png
page 296,296,1,public://quran_audio/alafasy-Page296.mp3,public://quran_images/page-296.png
page 297,297,1,public://quran_audio/alafasy-Page297.mp3,public://quran_images/page-297.png
page 298,298,1,public://quran_audio/alafasy-Page298.mp3,public://quran_images/page-298.png
page 299,299,1,public://quran_audio/alafasy-Page299.mp3,public://quran_images/page-299.png
page 300,300,1,public://quran_audio/alafasy-Page300.mp3,public://quran_images/page-300.png
page 301,301,1,public://quran_audio/alafasy-Page301.mp3,public://quran_images/page-301.png
page 302,302,1,public://quran_audio/alafasy-Page302.mp3,public://quran_images/page-302.png
page 303,303,1,public://quran_audio/alafasy-Page303.mp3,public://quran_images/page-303.png
page 304,304,1,public://quran_audio/alafasy-Page304.mp3,public://quran_images/page-304.png
page 305,305,1,public://quran_audio/alafasy-Page305.mp3,public://quran_images/page-305.png
page 306,306,1,public://quran_audio/alafasy-Page306.mp3,public://quran_images/page-306.png
page 307,307,1,public://quran_audio/alafasy-Page307.mp3,public://quran_images/page-307.png
page 308,308,1,public://quran_audio/alafasy-Page308.mp3,public://quran_images/page-308.png
page 309,309,1,public://quran_audio/alafasy-Page309.mp3,public://quran_images/page-309.png
page 310,310,1,public://quran_audio/alafasy-Page310.mp3,public://quran_images/page-310.png
page 311,311,1,public://quran_audio/alafasy-Page311.mp3,public://quran_images/page-311.png
page 312,312,1,public://quran_audio/alafasy-Page312.mp3,public://quran_images/page-312.png
page 313,313,1,public://quran_audio/alafasy-Page313.mp3,public://quran_images/page-313.png
page 314,314,1,public://quran_audio/alafasy-Page314.mp3,public://quran_images/page-314.png
page 315,315,1,public://quran_audio/alafasy-Page315.mp3,public://quran_images/page-315.png
page 316,316,1,public://quran_audio/alafasy-Page316.mp3,public://quran_images/page-316.png
page 317,317,1,public://quran_audio/alafasy-Page317.mp3,public://quran_images/page-317.png
page 318,318,1,public://quran_audio/alafasy-Page318.mp3,public://quran_images/page-318.png
page 319,319,1,public://quran_audio/alafasy-Page319.mp3,public://quran_images/page-319.png
page 320,320,1,public://quran_audio/alafasy-Page320.mp3,public://quran_images/page-320.png
page 321,321,1,public://quran_audio/alafasy-Page321.mp3,public://quran_images/page-321.png
page 322,322,1,public://quran_audio/alafasy-Page322.mp3,public://quran_images/page-322.png
page 323,323,1,public://quran_audio/alafasy-Page323.mp3,public://quran_images/page-323.png
page 324,324,1,public://quran_audio/alafasy-Page324.mp3,public://quran_images/page-324.png
page 325,325,1,public://quran_audio/alafasy-Page325.mp3,public://quran_images/page-325.png
page 326,326,1,public://quran_audio/alafasy-Page326.mp3,public://quran_images/page-326.png
page 327,327,1,public://quran_audio/alafasy-Page327.mp3,public://quran_images/page-327.png
page 328,328,1,public://quran_audio/alafasy-Page328.mp3,public://quran_images/page-328.png
page 329,329,1,public://quran_audio/alafasy-Page329.mp3,public://quran_images/page-329.png
page 330,330,1,public://quran_audio/alafasy-Page330.mp3,public://quran_images/page-330.png
page 331,331,1,public://quran_audio/alafasy-Page331.mp3,public://quran_images/page-331.png
page 332,332,1,public://quran_audio/alafasy-Page332.mp3,public://quran_images/page-332.png
page 333,333,1,public://quran_audio/alafasy-Page333.mp3,public://quran_images/page-333.png
page 334,334,1,public://quran_audio/alafasy-Page334.mp3,public://quran_images/page-334.png
page 335,335,1,public://quran_audio/alafasy-Page335.mp3,public://quran_images/page-335.png
page 336,336,1,public://quran_audio/alafasy-Page336.mp3,public://quran_images/page-336.png
page 337,337,1,public://quran_audio/alafasy-Page337.mp3,public://quran_images/page-337.png
page 338,338,1,public://quran_audio/alafasy-Page338.mp3,public://quran_images/page-338.png
page 339,339,1,public://quran_audio/alafasy-Page339.mp3,public://quran_images/page-339.png
page 340,340,1,public://quran_audio/alafasy-Page340.mp3,public://quran_images/page-340.png
page 341,341,1,public://quran_audio/alafasy-Page341.mp3,public://quran_images/page-341.png
page 342,342,1,public://quran_audio/alafasy-Page342.mp3,public://quran_images/page-342.png
page 343,343,1,public://quran_audio/alafasy-Page343.mp3,public://quran_images/page-343.png
page 344,344,1,public://quran_audio/alafasy-Page344.mp3,public://quran_images/page-344.png
page 345,345,1,public://quran_audio/alafasy-Page345.mp3,public://quran_images/page-345.png
page 346,346,1,public://quran_audio/alafasy-Page346.mp3,public://quran_images/page-346.png
page 347,347,1,public://quran_audio/alafasy-Page347.mp3,public://quran_images/page-347.png
page 348,348,1,public://quran_audio/alafasy-Page348.mp3,public://quran_images/page-348.png
page 349,349,1,public://quran_audio/alafasy-Page349.mp3,public://quran_images/page-349.png
page 350,350,1,public://quran_audio/alafasy-Page350.mp3,public://quran_images/page-350.png
page 351,351,1,public://quran_audio/alafasy-Page351.mp3,public://quran_images/page-351.png
page 352,352,1,public://quran_audio/alafasy-Page352.mp3,public://quran_images/page-352.png
page 353,353,1,public://quran_audio/alafasy-Page353.mp3,public://quran_images/page-353.png
page 354,354,1,public://quran_audio/alafasy-Page354.mp3,public://quran_images/page-354.png
page 355,355,1,public://quran_audio/alafasy-Page355.mp3,public://quran_images/page-355.png
page 356,356,1,public://quran_audio/alafasy-Page356.mp3,public://quran_images/page-356.png
page 357,357,1,public://quran_audio/alafasy-Page357.mp3,public://quran_images/page-357.png
page 358,358,1,public://quran_audio/alafasy-Page358.mp3,public://quran_images/page-358.png
page 359,359,1,public://quran_audio/alafasy-Page359.mp3,public://quran_images/page-359.png
page 360,360,1,public://quran_audio/alafasy-Page360.mp3,public://quran_images/page-360.png
page 361,361,1,public://quran_audio/alafasy-Page361.mp3,public://quran_images/page-361.png
page 362,362,1,public://quran_audio/alafasy-Page362.mp3,public://quran_images/page-362.png
page 363,363,1,public://quran_audio/alafasy-Page363.mp3,public://quran_images/page-363.png
page 364,364,1,public://quran_audio/alafasy-Page364.mp3,public://quran_images/page-364.png
page 365,365,1,public://quran_audio/alafasy-Page365.mp3,public://quran_images/page-365.png
page 366,366,1,public://quran_audio/alafasy-Page366.mp3,public://quran_images/page-366.png
page 367,367,1,public://quran_audio/alafasy-Page367.mp3,public://quran_images/page-367.png
page 368,368,1,public://quran_audio/alafasy-Page368.mp3,public://quran_images/page-368.png
page 369,369,1,public://quran_audio/alafasy-Page369.mp3,public://quran_images/page-369.png
page 370,370,1,public://quran_audio/alafasy-Page370.mp3,public://quran_images/page-370.png
page 371,371,1,public://quran_audio/alafasy-Page371.mp3,public://quran_images/page-371.png
page 372,372,1,public://quran_audio/alafasy-Page372.mp3,public://quran_images/page-372.png
page 373,373,1,public://quran_audio/alafasy-Page373.mp3,public://quran_images/page-373.png
page 374,374,1,public://quran_audio/alafasy-Page374.mp3,public://quran_images/page-374.png
page 375,375,1,public://quran_audio/alafasy-Page375.mp3,public://quran_images/page-375.png
page 376,376,1,public://quran_audio/alafasy-Page376.mp3,public://quran_images/page-376.png
page 377,377,1,public://quran_audio/alafasy-Page377.mp3,public://quran_images/page-377.png
page 378,378,1,public://quran_audio/alafasy-Page378.mp3,public://quran_images/page-378.png
page 379,379,1,public://quran_audio/alafasy-Page379.mp3,public://quran_images/page-379.png
page 380,380,1,public://quran_audio/alafasy-Page380.mp3,public://quran_images/page-380.png
page 381,381,1,public://quran_audio/alafasy-Page381.mp3,public://quran_images/page-381.png
page 382,382,1,public://quran_audio/alafasy-Page382.mp3,public://quran_images/page-382.png
page 383,383,1,public://quran_audio/alafasy-Page383.mp3,public://quran_images/page-383.png
page 384,384,1,public://quran_audio/alafasy-Page384.mp3,public://quran_images/page-384.png
page 385,385,1,public://quran_audio/alafasy-Page385.mp3,public://quran_images/page-385.png
page 386,386,1,public://quran_audio/alafasy-Page386.mp3,public://quran_images/page-386.png
page 387,387,1,public://quran_audio/alafasy-Page387.mp3,public://quran_images/page-387.png
page 388,388,1,public://quran_audio/alafasy-Page388.mp3,public://quran_images/page-388.png
page 389,389,1,public://quran_audio/alafasy-Page389.mp3,public://quran_images/page-389.png
page 390,390,1,public://quran_audio/alafasy-Page390.mp3,public://quran_images/page-390.png
page 391,391,1,public://quran_audio/alafasy-Page391.mp3,public://quran_images/page-391.png
page 392,392,1,public://quran_audio/alafasy-Page392.mp3,public://quran_images/page-392.png
page 393,393,1,public://quran_audio/alafasy-Page393.mp3,public://quran_images/page-393.png
page 394,394,1,public://quran_audio/alafasy-Page394.mp3,public://quran_images/page-394.png
page 395,395,1,public://quran_audio/alafasy-Page395.mp3,public://quran_images/page-395.png
page 396,396,1,public://quran_audio/alafasy-Page396.mp3,public://quran_images/page-396.png
page 397,397,1,public://quran_audio/alafasy-Page397.mp3,public://quran_images/page-397.png
page 398,398,1,public://quran_audio/alafasy-Page398.mp3,public://quran_images/page-398.png
page 399,399,1,public://quran_audio/alafasy-Page399.mp3,public://quran_images/page-399.png
page 400,400,1,public://quran_audio/alafasy-Page400.mp3,public://quran_images/page-400.png
page 401,401,1,public://quran_audio/alafasy-Page401.mp3,public://quran_images/page-401.png
page 402,402,1,public://quran_audio/alafasy-Page402.mp3,public://quran_images/page-402.png
page 403,403,1,public://quran_audio/alafasy-Page403.mp3,public://quran_images/page-403.png
page 404,404,1,public://quran_audio/alafasy-Page404.mp3,public://quran_images/page-404.png
page 405,405,1,public://quran_audio/alafasy-Page405.mp3,public://quran_images/page-405.png
page 406,406,1,public://quran_audio/alafasy-Page406.mp3,public://quran_images/page-406.png
page 407,407,1,public://quran_audio/alafasy-Page407.mp3,public://quran_images/page-407.png
page 408,408,1,public://quran_audio/alafasy-Page408.mp3,public://quran_images/page-408.png
page 409,409,1,public://quran_audio/alafasy-Page409.mp3,public://quran_images/page-409.png
page 410,410,1,public://quran_audio/alafasy-Page410.mp3,public://quran_images/page-410.png
page 411,411,1,public://quran_audio/alafasy-Page411.mp3,public://quran_images/page-411.png
page 412,412,1,public://quran_audio/alafasy-Page412.mp3,public://quran_images/page-412.png
page 413,413,1,public://quran_audio/alafasy-Page413.mp3,public://quran_images/page-413.png
page 414,414,1,public://quran_audio/alafasy-Page414.mp3,public://quran_images/page-414.png
page 415,415,1,public://quran_audio/alafasy-Page415.mp3,public://quran_images/page-415.png
page 416,416,1,public://quran_audio/alafasy-Page416.mp3,public://quran_images/page-416.png
page 417,417,1,public://quran_audio/alafasy-Page417.mp3,public://quran_images/page-417.png
page 418,418,1,public://quran_audio/alafasy-Page418.mp3,public://quran_images/page-418.png
page 419,419,1,public://quran_audio/alafasy-Page419.mp3,public://quran_images/page-419.png
page 420,420,1,public://quran_audio/alafasy-Page420.mp3,public://quran_images/page-420.png
page 421,421,1,public://quran_audio/alafasy-Page421.mp3,public://quran_images/page-421.png
page 422,422,1,public://quran_audio/alafasy-Page422.mp3,public://quran_images/page-422.png
page 423,423,1,public://quran_audio/alafasy-Page423.mp3,public://quran_images/page-423.png
page 424,424,1,public://quran_audio/alafasy-Page424.mp3,public://quran_images/page-424.png
page 425,425,1,public://quran_audio/alafasy-Page425.mp3,public://quran_images/page-425.png
page 426,426,1,public://quran_audio/alafasy-Page426.mp3,public://quran_images/page-426.png
page 427,427,1,public://quran_audio/alafasy-Page427.mp3,public://quran_images/page-427.png
page 428,428,1,public://quran_audio/alafasy-Page428.mp3,public://quran_images/page-428.png
page 429,429,1,public://quran_audio/alafasy-Page429.mp3,public://quran_images/page-429.png
page 430,430,1,public://quran_audio/alafasy-Page430.mp3,public://quran_images/page-430.png
page 431,431,1,public://quran_audio/alafasy-Page431.mp3,public://quran_images/page-431.png
page 432,432,1,public://quran_audio/alafasy-Page432.mp3,public://quran_images/page-432.png
page 433,433,1,public://quran_audio/alafasy-Page433.mp3,public://quran_images/page-433.png
page 434,434,1,public://quran_audio/alafasy-Page434.mp3,public://quran_images/page-434.png
page 435,435,1,public://quran_audio/alafasy-Page435.mp3,public://quran_images/page-435.png
page 436,436,1,public://quran_audio/alafasy-Page436.mp3,public://quran_images/page-436.png
page 437,437,1,public://quran_audio/alafasy-Page437.mp3,public://quran_images/page-437.png
page 438,438,1,public://quran_audio/alafasy-Page438.mp3,public://quran_images/page-438.png
page 439,439,1,public://quran_audio/alafasy-Page439.mp3,public://quran_images/page-439.png
page 440,440,1,public://quran_audio/alafasy-Page440.mp3,public://quran_images/page-440.png
page 441,441,1,public://quran_audio/alafasy-Page441.mp3,public://quran_images/page-441.png
page 442,442,1,public://quran_audio/alafasy-Page442.mp3,public://quran_images/page-442.png
page 443,443,1,public://quran_audio/alafasy-Page443.mp3,public://quran_images/page-443.png
page 444,444,1,public://quran_audio/alafasy-Page444.mp3,public://quran_images/page-444.png
page 445,445,1,public://quran_audio/alafasy-Page445.mp3,public://quran_images/page-445.png
page 446,446,1,public://quran_audio/alafasy-Page446.mp3,public://quran_images/page-446.png
page 447,447,1,public://quran_audio/alafasy-Page447.mp3,public://quran_images/page-447.png
page 448,448,1,public://quran_audio/alafasy-Page448.mp3,public://quran_images/page-448.png
page 449,449,1,public://quran_audio/alafasy-Page449.mp3,public://quran_images/page-449.png
page 450,450,1,public://quran_audio/alafasy-Page450.mp3,public://quran_images/page-450.png
page 451,451,1,public://quran_audio/alafasy-Page451.mp3,public://quran_images/page-451.png
page 452,452,1,public://quran_audio/alafasy-Page452.mp3,public://quran_images/page-452.png
page 453,453,1,public://quran_audio/alafasy-Page453.mp3,public://quran_images/page-453.png
page 454,454,1,public://quran_audio/alafasy-Page454.mp3,public://quran_images/page-454.png
page 455,455,1,public://quran_audio/alafasy-Page455.mp3,public://quran_images/page-455.png
page 456,456,1,public://quran_audio/alafasy-Page456.mp3,public://quran_images/page-456.png
page 457,457,1,public://quran_audio/alafasy-Page457.mp3,public://quran_images/page-457.png
page 458,458,1,public://quran_audio/alafasy-Page458.mp3,public://quran_images/page-458.png
page 459,459,1,public://quran_audio/alafasy-Page459.mp3,public://quran_images/page-459.png
page 460,460,1,public://quran_audio/alafasy-Page460.mp3,public://quran_images/page-460.png
page 461,461,1,public://quran_audio/alafasy-Page461.mp3,public://quran_images/page-461.png
page 462,462,1,public://quran_audio/alafasy-Page462.mp3,public://quran_images/page-462.png
page 463,463,1,public://quran_audio/alafasy-Page463.mp3,public://quran_images/page-463.png
page 464,464,1,public://quran_audio/alafasy-Page464.mp3,public://quran_images/page-464.png
page 465,465,1,public://quran_audio/alafasy-Page465.mp3,public://quran_images/page-465.png
page 466,466,1,public://quran_audio/alafasy-Page466.mp3,public://quran_images/page-466.png
page 467,467,1,public://quran_audio/alafasy-Page467.mp3,public://quran_images/page-467.png
page 468,468,1,public://quran_audio/alafasy-Page468.mp3,public://quran_images/page-468.png
page 469,469,1,public://quran_audio/alafasy-Page469.mp3,public://quran_images/page-469.png
page 470,470,1,public://quran_audio/alafasy-Page470.mp3,public://quran_images/page-470.png
page 471,471,1,public://quran_audio/alafasy-Page471.mp3,public://quran_images/page-471.png
page 472,472,1,public://quran_audio/alafasy-Page472.mp3,public://quran_images/page-472.png
page 473,473,1,public://quran_audio/alafasy-Page473.mp3,public://quran_images/page-473.png
page 474,474,1,public://quran_audio/alafasy-Page474.mp3,public://quran_images/page-474.png
page 475,475,1,public://quran_audio/alafasy-Page475.mp3,public://quran_images/page-475.png
page 476,476,1,public://quran_audio/alafasy-Page476.mp3,public://quran_images/page-476.png
page 477,477,1,public://quran_audio/alafasy-Page477.mp3,public://quran_images/page-477.png
page 478,478,1,public://quran_audio/alafasy-Page478.mp3,public://quran_images/page-478.png
page 479,479,1,public://quran_audio/alafasy-Page479.mp3,public://quran_images/page-479.png
page 480,480,1,public://quran_audio/alafasy-Page480.mp3,public://quran_images/page-480.png
page 481,481,1,public://quran_audio/alafasy-Page481.mp3,public://quran_images/page-481.png
page 482,482,1,public://quran_audio/alafasy-Page482.mp3,public://quran_images/page-482.png
page 483,483,1,public://quran_audio/alafasy-Page483.mp3,public://quran_images/page-483.png
page 484,484,1,public://quran_audio/alafasy-Page484.mp3,public://quran_images/page-484.png
page 485,485,1,public://quran_audio/alafasy-Page485.mp3,public://quran_images/page-485.png
page 486,486,1,public://quran_audio/alafasy-Page486.mp3,public://quran_images/page-486.png
page 487,487,1,public://quran_audio/alafasy-Page487.mp3,public://quran_images/page-487.png
page 488,488,1,public://quran_audio/alafasy-Page488.mp3,public://quran_images/page-488.png
page 489,489,1,public://quran_audio/alafasy-Page489.mp3,public://quran_images/page-489.png
page 490,490,1,public://quran_audio/alafasy-Page490.mp3,public://quran_images/page-490.png
page 491,491,1,public://quran_audio/alafasy-Page491.mp3,public://quran_images/page-491.png
page 492,492,1,public://quran_audio/alafasy-Page492.mp3,public://quran_images/page-492.png
page 493,493,1,public://quran_audio/alafasy-Page493.mp3,public://quran_images/page-493.png
page 494,494,1,public://quran_audio/alafasy-Page494.mp3,public://quran_images/page-494.png
page 495,495,1,public://quran_audio/alafasy-Page495.mp3,public://quran_images/page-495.png
page 496,496,1,public://quran_audio/alafasy-Page496.mp3,public://quran_images/page-496.png
page 497,497,1,public://quran_audio/alafasy-Page497.mp3,public://quran_images/page-497.png
page 498,498,1,public://quran_audio/alafasy-Page498.mp3,public://quran_images/page-498.png
page 499,499,1,public://quran_audio/alafasy-Page499.mp3,public://quran_images/page-499.png
page 500,500,1,public://quran_audio/alafasy-Page500.mp3,public://quran_images/page-500.png
page 501,501,1,public://quran_audio/alafasy-Page501.mp3,public://quran_images/page-501.png
page 502,502,1,public://quran_audio/alafasy-Page502.mp3,public://quran_images/page-502.png
page 503,503,1,public://quran_audio/alafasy-Page503.mp3,public://quran_images/page-503.png
page 504,504,1,public://quran_audio/alafasy-Page504.mp3,public://quran_images/page-504.png
page 505,505,1,public://quran_audio/alafasy-Page505.mp3,public://quran_images/page-505.png
page 506,506,1,public://quran_audio/alafasy-Page506.mp3,public://quran_images/page-506.png
page 507,507,1,public://quran_audio/alafasy-Page507.mp3,public://quran_images/page-507.png
page 508,508,1,public://quran_audio/alafasy-Page508.mp3,public://quran_images/page-508.png
page 509,509,1,public://quran_audio/alafasy-Page509.mp3,public://quran_images/page-509.png
page 510,510,1,public://quran_audio/alafasy-Page510.mp3,public://quran_images/page-510.png
page 511,511,1,public://quran_audio/alafasy-Page511.mp3,public://quran_images/page-511.png
page 512,512,1,public://quran_audio/alafasy-Page512.mp3,public://quran_images/page-512.png
page 513,513,1,public://quran_audio/alafasy-Page513.mp3,public://quran_images/page-513.png
page 514,514,1,public://quran_audio/alafasy-Page514.mp3,public://quran_images/page-514.png
page 515,515,1,public://quran_audio/alafasy-Page515.mp3,public://quran_images/page-515.png
page 516,516,1,public://quran_audio/alafasy-Page516.mp3,public://quran_images/page-516.png
page 517,517,1,public://quran_audio/alafasy-Page517.mp3,public://quran_images/page-517.png
page 518,518,1,public://quran_audio/alafasy-Page518.mp3,public://quran_images/page-518.png
page 519,519,1,public://quran_audio/alafasy-Page519.mp3,public://quran_images/page-519.png
page 520,520,1,public://quran_audio/alafasy-Page520.mp3,public://quran_images/page-520.png
page 521,521,1,public://quran_audio/alafasy-Page521.mp3,public://quran_images/page-521.png
page 522,522,1,public://quran_audio/alafasy-Page522.mp3,public://quran_images/page-522.png
page 523,523,1,public://quran_audio/alafasy-Page523.mp3,public://quran_images/page-523.png
page 524,524,1,public://quran_audio/alafasy-Page524.mp3,public://quran_images/page-524.png
page 525,525,1,public://quran_audio/alafasy-Page525.mp3,public://quran_images/page-525.png
page 526,526,1,public://quran_audio/alafasy-Page526.mp3,public://quran_images/page-526.png
page 527,527,1,public://quran_audio/alafasy-Page527.mp3,public://quran_images/page-527.png
page 528,528,1,public://quran_audio/alafasy-Page528.mp3,public://quran_images/page-528.png
page 529,529,1,public://quran_audio/alafasy-Page529.mp3,public://quran_images/page-529.png
page 530,530,1,public://quran_audio/alafasy-Page530.mp3,public://quran_images/page-530.png
page 531,531,1,public://quran_audio/alafasy-Page531.mp3,public://quran_images/page-531.png
page 532,532,1,public://quran_audio/alafasy-Page532.mp3,public://quran_images/page-532.png
page 533,533,1,public://quran_audio/alafasy-Page533.mp3,public://quran_images/page-533.png
page 534,534,1,public://quran_audio/alafasy-Page534.mp3,public://quran_images/page-534.png
page 535,535,1,public://quran_audio/alafasy-Page535.mp3,public://quran_images/page-535.png
page 536,536,1,public://quran_audio/alafasy-Page536.mp3,public://quran_images/page-536.png
page 537,537,1,public://quran_audio/alafasy-Page537.mp3,public://quran_images/page-537.png
page 538,538,1,public://quran_audio/alafasy-Page538.mp3,public://quran_images/page-538.png
page 539,539,1,public://quran_audio/alafasy-Page539.mp3,public://quran_images/page-539.png
page 540,540,1,public://quran_audio/alafasy-Page540.mp3,public://quran_images/page-540.png
page 541,541,1,public://quran_audio/alafasy-Page541.mp3,public://quran_images/page-541.png
page 542,542,1,public://quran_audio/alafasy-Page542.mp3,public://quran_images/page-542.png
page 543,543,1,public://quran_audio/alafasy-Page543.mp3,public://quran_images/page-543.png
page 544,544,1,public://quran_audio/alafasy-Page544.mp3,public://quran_images/page-544.png
page 545,545,1,public://quran_audio/alafasy-Page545.mp3,public://quran_images/page-545.png
page 546,546,1,public://quran_audio/alafasy-Page546.mp3,public://quran_images/page-546.png
page 547,547,1,public://quran_audio/alafasy-Page547.mp3,public://quran_images/page-547.png
page 548,548,1,public://quran_audio/alafasy-Page548.mp3,public://quran_images/page-548.png
page 549,549,1,public://quran_audio/alafasy-Page549.mp3,public://quran_images/page-549.png
page 550,550,1,public://quran_audio/alafasy-Page550.mp3,public://quran_images/page-550.png
page 551,551,1,public://quran_audio/alafasy-Page551.mp3,public://quran_images/page-551.png
page 552,552,1,public://quran_audio/alafasy-Page552.mp3,public://quran_images/page-552.png
page 553,553,1,public://quran_audio/alafasy-Page553.mp3,public://quran_images/page-553.png
page 554,554,1,public://quran_audio/alafasy-Page554.mp3,public://quran_images/page-554.png
page 555,555,1,public://quran_audio/alafasy-Page555.mp3,public://quran_images/page-555.png
page 556,556,1,public://quran_audio/alafasy-Page556.mp3,public://quran_images/page-556.png
page 557,557,1,public://quran_audio/alafasy-Page557.mp3,public://quran_images/page-557.png
page 558,558,1,public://quran_audio/alafasy-Page558.mp3,public://quran_images/page-558.png
page 559,559,1,public://quran_audio/alafasy-Page559.mp3,public://quran_images/page-559.png
page 560,560,1,public://quran_audio/alafasy-Page560.mp3,public://quran_images/page-560.png
page 561,561,1,public://quran_audio/alafasy-Page561.mp3,public://quran_images/page-561.png
page 562,562,1,public://quran_audio/alafasy-Page562.mp3,public://quran_images/page-562.png
page 563,563,1,public://quran_audio/alafasy-Page563.mp3,public://quran_images/page-563.png
page 564,564,1,public://quran_audio/alafasy-Page564.mp3,public://quran_images/page-564.png
page 565,565,1,public://quran_audio/alafasy-Page565.mp3,public://quran_images/page-565.png
page 566,566,1,public://quran_audio/alafasy-Page566.mp3,public://quran_images/page-566.png
page 567,567,1,public://quran_audio/alafasy-Page567.mp3,public://quran_images/page-567.png
page 568,568,1,public://quran_audio/alafasy-Page568.mp3,public://quran_images/page-568.png
page 569,569,1,public://quran_audio/alafasy-Page569.mp3,public://quran_images/page-569.png
page 570,570,1,public://quran_audio/alafasy-Page570.mp3,public://quran_images/page-570.png
page 571,571,1,public://quran_audio/alafasy-Page571.mp3,public://quran_images/page-571.png
page 572,572,1,public://quran_audio/alafasy-Page572.mp3,public://quran_images/page-572.png
page 573,573,1,public://quran_audio/alafasy-Page573.mp3,public://quran_images/page-573.png
page 574,574,1,public://quran_audio/alafasy-Page574.mp3,public://quran_images/page-574.png
page 575,575,1,public://quran_audio/alafasy-Page575.mp3,public://quran_images/page-575.png
page 576,576,1,public://quran_audio/alafasy-Page576.mp3,public://quran_images/page-576.png
page 577,577,1,public://quran_audio/alafasy-Page577.mp3,public://quran_images/page-577.png
page 578,578,1,public://quran_audio/alafasy-Page578.mp3,public://quran_images/page-578.png
page 579,579,1,public://quran_audio/alafasy-Page579.mp3,public://quran_images/page-579.png
page 580,580,1,public://quran_audio/alafasy-Page580.mp3,public://quran_images/page-580.png
page 581,581,1,public://quran_audio/alafasy-Page581.mp3,public://quran_images/page-581.png
page 582,582,1,public://quran_audio/alafasy-Page582.mp3,public://quran_images/page-582.png
page 583,583,1,public://quran_audio/alafasy-Page583.mp3,public://quran_images/page-583.png
page 584,584,1,public://quran_audio/alafasy-Page584.mp3,public://quran_images/page-584.png
page 585,585,1,public://quran_audio/alafasy-Page585.mp3,public://quran_images/page-585.png
page 586,586,1,public://quran_audio/alafasy-Page586.mp3,public://quran_images/page-586.png
page 587,587,1,public://quran_audio/alafasy-Page587.mp3,public://quran_images/page-587.png
page 588,588,1,public://quran_audio/alafasy-Page588.mp3,public://quran_images/page-588.png
page 589,589,1,public://quran_audio/alafasy-Page589.mp3,public://quran_images/page-589.png
page 590,590,1,public://quran_audio/alafasy-Page590.mp3,public://quran_images/page-590.png
page 591,591,1,public://quran_audio/alafasy-Page591.mp3,public://quran_images/page-591.png
page 592,592,1,public://quran_audio/alafasy-Page592.mp3,public://quran_images/page-592.png
page 593,593,1,public://quran_audio/alafasy-Page593.mp3,public://quran_images/page-593.png
page 594,594,1,public://quran_audio/alafasy-Page594.mp3,public://quran_images/page-594.png
page 595,595,1,public://quran_audio/alafasy-Page595.mp3,public://quran_images/page-595.png
page 596,596,1,public://quran_audio/alafasy-Page596.mp3,public://quran_images/page-596.png
page 597,597,1,public://quran_audio/alafasy-Page597.mp3,public://quran_images/page-597.png
page 598,598,1,public://quran_audio/alafasy-Page598.mp3,public://quran_images/page-598.png
page 599,599,1,public://quran_audio/alafasy-Page599.mp3,public://quran_images/page-599.png
page 600,600,1,public://quran_audio/alafasy-Page600.mp3,public://quran_images/page-600.png
page 601,601,1,public://quran_audio/alafasy-Page601.mp3,public://quran_images/page-601.png
page 602,602,1,public://quran_audio/alafasy-Page602.mp3,public://quran_images/page-602.png
page 603,603,1,public://quran_audio/alafasy-Page603.mp3,public://quran_images/page-603.png
page 604,604,1,public://quran_audio/alafasy-Page604.mp3,public://quran_images/page-604.png
